city,town,portal,“ss®”õ‰Û Œö‰cZ‘î,“ss®”õ‰Û ’À‘İŒ^‰‹}Z‘î,’nˆæ•Ÿƒ‰ÛEŒ§ ĞŠQŒ©•‘‹à,qˆç‚Äx‰‡‰ÛEŒ§ ™“¶•}—{è“–‚Ì“Á—á,’nˆæ•Ÿƒ‰Û ”íĞÒ¶ŠˆÄŒšx‰‡§“x,’nˆæ•Ÿƒ‰Û ĞŠQ‰‡Œì‘‹à‘İ•t,’nˆæ•Ÿƒ‰Û ¶Šˆ•Ÿƒ‘‹ài‹Ù‹}¬Œû‘‹àEĞŠQ‰‡Œì‘‹àj‚Ì‘İ•t,“ss®”õ‰Û Z‘î‚Ì”íŠQ‚ÌŠg‘å‚ğ–h~‚·‚é‚½‚ß‚Ì‹Ù‹}‚ÌC—,‘‡––±‘g‡ •êq•ƒq‰Ç•w•Ÿƒ‘‹à‚ÌZ‘î‘‹à‘İ•t,á‚ª‚¢Òx‰‡‰Û ĞŠQáŠQŒ©•‘‹à,qˆç‚Äx‰‡‰ÛEŒ§ ‹³‰È‘“™‚Ì–³‹‹—^,á‚ª‚¢Òx‰‡‰Û “Á•Êx‰‡ŠwZ“™‚Ö‚ÌAŠw§—ã–‹Æ,á‚ª‚¢Òx‰‡‰Û “Á•Ê™“¶•}—{è“–EáŠQ™•Ÿƒè“–‚Ì“Á—á,‰îŒì•ÛŒ¯‰Û “Á•ÊáŠQÒè“–‚Ì“Á—á,á‚ª‚¢Òx‰‡‰Û •Ÿƒ—p‹ï‚ÌÄ‘İ—^EÄw“ü,ŠwZ‹³ˆç‰Û á‚ª‚¢Ò‚Ì•Ÿƒ—p‹ï‚ÌÄ‹‹•t,ŠeŠwZ ¬E’†Šw¶‚ÌAŠw‰‡•‘[’u,ŠeŠwZE“ú–{Šw¶x‰‡‹@\ ‘åŠw“™ö‹Æ—¿“™Œ¸–Æ‘[’u,‰ÛÅ‰Û Z–¯ÅŒÅ’è‘YÅ‚ÌŒ¸–Æ,Å–± ‘Å‚ÌŒ¸–ÆE—P—\,•ÛŒ¯”N‹à‰Û ‘–¯Œ’N•ÛŒ¯Å‚ÌŒ¸–Æ,‰îŒì•ÛŒ¯‰Û ‰îŒì•ÛŒ¯—¿‚ÌŒ¸–ÆE—P—\,•ÛŒ¯”N‹à‰Û ŒãŠú‚—îÒˆã—Ã•ÛŒ¯—¿‚ÌŒ¸–Æ,•ÛŒ¯”N‹à‰Û ŒãŠú‚—îÒˆã—Ã‚Ìˆê•”•‰’S‹à‚ÌŒ¸–ÆE’¥û—P—\,•ÛŒ¯”N‹à‰Û “ü‰@‚Ìˆê•”•‰’S‹à‚Ì–Æœ‹y‚Ñ’¥û—P—\
•xRŒ§,•xRs,https://www.city.toyama.toyama.jp/,https://www.city.toyama.lg.jp/kurashi/sumai/1010265/1006875.html,https://www.city.toyama.lg.jp/shisei/soshiki/1010715/1006088.html,https://www.city.toyama.lg.jp/bosai/bosai/1010665/1013252.html,https://www.city.toyama.lg.jp/shisei/soshiki/1010710/1004500.html,https://www.city.toyama.lg.jp/bosai/bosai/1010665/1014462.html,https://www.city.toyama.lg.jp/bosai/bosai/1010655/1010662/1009826.html,-,-,-,-,-,-,-,-,-,-,-,-,-,-,-,-,-,-,-
•xRŒ§,‚‰ªs,https://www.city.takaoka.toyama.jp/,-,-,-,-,-,-,-,-,-,-,-,-,-,-,-,-,-,-,-,-,-,-,-,-,-
•xRŒ§,‹›’Ãs,https://www.city.uozu.toyama.jp/,-,-,-,-,-,-,-,-,-,-,-,-,-,-,-,-,-,-,-,-,-,-,-,-,-
•xRŒ§,•XŒ©s,https://www.city.himi.toyama.jp/,-,-,-,-,-,-,-,-,-,-,-,-,-,-,-,-,-,-,-,-,-,-,-,-,-
•xRŒ§,ŠŠìs,https://www.city.namerikawa.toyama.jp/,-,-,-,-,-,-,-,-,-,-,-,-,-,-,-,-,-,-,-,-,-,-,-,-,-
•xRŒ§,••”s,https://www.city.kurobe.toyama.jp/,-,-,-,-,-,-,-,-,-,-,-,-,-,-,-,-,-,-,-,-,-,-,-,-,-
•xRŒ§,“v”gs,https://www.city.tonami.toyama.jp/,-,-,-,-,-,-,-,-,-,-,-,-,-,-,-,-,-,-,-,-,-,-,-,-,-
•xRŒ§,¬–î•”s,https://www.city.oyabe.toyama.jp/,-,-,-,-,-,-,-,-,-,-,-,-,-,-,-,-,-,-,-,-,-,-,-,-,-
•xRŒ§,“ì“vs,https://www.city.nanto.toyama.jp/,-,-,-,-,-,-,-,-,-,-,-,-,-,-,-,-,-,-,-,-,-,-,-,-,-
•xRŒ§,Ë…s,https://www.city.imizu.toyama.jp/,-,-,-,-,-,-,-,-,-,-,-,-,-,-,-,-,-,-,-,-,-,-,-,-,-
•xRŒ§,M‹´‘º,https://www.vill.funahashi.toyama.jp/,-,-,-,-,-,-,-,-,-,-,-,-,-,-,-,-,-,-,-,-,-,-,-,-,-
•xRŒ§,ãs’¬,https://www.town.kamiichi.toyama.jp/,-,-,-,-,-,-,-,-,-,-,-,-,-,-,-,-,-,-,-,-,-,-,-,-,-
•xRŒ§,—§R’¬,https://www.town.tateyama.toyama.jp/,-,-,-,-,-,-,-,-,-,-,-,-,-,-,-,-,-,-,-,-,-,-,-,-,-
•xRŒ§,“ü‘P’¬,https://www.town.nyuzen.toyama.jp/,-,-,-,-,-,-,-,-,-,-,-,-,-,-,-,-,-,-,-,-,-,-,-,-,-
•xRŒ§,’©“ú’¬,https://www.town.asahi.toyama.jp/,-,-,-,-,-,-,-,-,-,-,-,-,-,-,-,-,-,-,-,-,-,-,-,-,-
VŠƒŒ§,VŠƒs,https://www.city.niigata.lg.jp/,-,-,-,-,-,-,-,-,-,-,-,-,-,-,-,-,-,-,-,-,-,-,-,-,-
VŠƒŒ§,’·‰ªs,https://www.city.nagaoka.niigata.jp/,-,-,-,-,-,-,-,-,-,-,-,-,-,-,-,-,-,-,-,-,-,-,-,-,-
VŠƒŒ§,Oğs,https://www.city.sanjo.niigata.jp/,-,-,-,-,-,-,-,-,-,-,-,-,-,-,-,-,-,-,-,-,-,-,-,-,-
VŠƒŒ§,”ès,https://www.city.kashiwazaki.lg.jp/index.html,-,-,-,-,-,-,-,-,-,-,-,-,-,-,-,-,-,-,-,-,-,-,-,-,-
VŠƒŒ§,V”­“cs,https://www.city.shibata.lg.jp/,-,-,-,-,-,-,-,-,-,-,-,-,-,-,-,-,-,-,-,-,-,-,-,-,-
VŠƒŒ§,¬ç’Js,https://www.city.ojiya.niigata.jp/,-,-,-,-,-,-,-,-,-,-,-,-,-,-,-,-,-,-,-,-,-,-,-,-,-
VŠƒŒ§,‰Á–Îs,https://www.city.kamo.niigata.jp/,-,-,-,-,-,-,-,-,-,-,-,-,-,-,-,-,-,-,-,-,-,-,-,-,-
VŠƒŒ§,\“ú’¬s,https://www.city.tokamachi.lg.jp/index.html,-,-,-,-,-,-,-,-,-,-,-,-,-,-,-,-,-,-,-,-,-,-,-,-,-
VŠƒŒ§,Œ©•s,https://www.city.mitsuke.niigata.jp/,-,-,-,-,-,-,-,-,-,-,-,-,-,-,-,-,-,-,-,-,-,-,-,-,-
VŠƒŒ§,‘ºãs,https://www.city.murakami.lg.jp/,-,-,-,-,-,-,-,-,-,-,-,-,-,-,-,-,-,-,-,-,-,-,-,-,-
VŠƒŒ§,‰s,https://www.city.tsubame.niigata.jp/,-,-,-,-,-,-,-,-,-,-,-,-,-,-,-,-,-,-,-,-,-,-,-,-,-
VŠƒŒ§,…‹›ìs,https://www.city.itoigawa.lg.jp/,-,-,-,-,-,-,-,-,-,-,-,-,-,-,-,-,-,-,-,-,-,-,-,-,-
VŠƒŒ§,–­‚s,https://www.city.myoko.niigata.jp/,-,-,-,-,-,-,-,-,-,-,-,-,-,-,-,-,-,-,-,-,-,-,-,-,-
VŠƒŒ§,ŒÜòs,https://www.city.gosen.lg.jp/index.html,-,-,-,-,-,-,-,-,-,-,-,-,-,-,-,-,-,-,-,-,-,-,-,-,-
VŠƒŒ§,ã‰zs,https://www.city.joetsu.niigata.jp/,-,-,-,-,-,-,-,-,-,-,-,-,-,-,-,-,-,-,-,-,-,-,-,-,-
VŠƒŒ§,ˆ¢‰ê–ìs,https://www.city.agano.niigata.jp/,-,-,-,-,-,-,-,-,-,-,-,-,-,-,-,-,-,-,-,-,-,-,-,-,-
VŠƒŒ§,²“ns,https://www.city.sado.niigata.jp/,-,-,-,-,-,-,-,-,-,-,-,-,-,-,-,-,-,-,-,-,-,-,-,-,-
VŠƒŒ§,‹›Às,https://www.city.uonuma.lg.jp/,-,-,-,-,-,-,-,-,-,-,-,-,-,-,-,-,-,-,-,-,-,-,-,-,-
VŠƒŒ§,“ì‹›Às,https://www.city.minamiuonuma.niigata.jp/,-,-,-,-,-,-,-,-,-,-,-,-,-,-,-,-,-,-,-,-,-,-,-,-,-
VŠƒŒ§,‘Ù“às,https://www.city.tainai.niigata.jp/,-,-,-,-,-,-,-,-,-,-,-,-,-,-,-,-,-,-,-,-,-,-,-,-,-
VŠƒŒ§,¹âÄ’¬,https://www.town.seiro.niigata.jp/,-,-,-,-,-,-,-,-,-,-,-,-,-,-,-,-,-,-,-,-,-,-,-,-,-
VŠƒŒ§,–í•F‘º,https://www.vill.yahiko.niigata.jp/,-,-,-,-,-,-,-,-,-,-,-,-,-,-,-,-,-,-,-,-,-,-,-,-,-
VŠƒŒ§,“cã’¬,https://www.town.tagami.niigata.jp/,-,-,-,-,-,-,-,-,-,-,-,-,-,-,-,-,-,-,-,-,-,-,-,-,-
VŠƒŒ§,ˆ¢‰ê’¬,https://www.town.aga.niigata.jp/,-,-,-,-,-,-,-,-,-,-,-,-,-,-,-,-,-,-,-,-,-,-,-,-,-
VŠƒŒ§,o‰_è’¬,https://www.town.izumozaki.niigata.jp/,-,-,-,-,-,-,-,-,-,-,-,-,-,-,-,-,-,-,-,-,-,-,-,-,-
VŠƒŒ§,“’‘ò’¬,https://www.town.yuzawa.lg.jp/index.html,-,-,-,-,-,-,-,-,-,-,-,-,-,-,-,-,-,-,-,-,-,-,-,-,-
VŠƒŒ§,’Ã“ì’¬,https://www.town.tsunan.niigata.jp/,-,-,-,-,-,-,-,-,-,-,-,-,-,-,-,-,-,-,-,-,-,-,-,-,-
VŠƒŒ§,Š ‰H‘º,https://www.vill.kariwa.niigata.jp/,-,-,-,-,-,-,-,-,-,-,-,-,-,-,-,-,-,-,-,-,-,-,-,-,-
VŠƒŒ§,ŠÖì‘º,http://www.vill.sekikawa.niigata.jp/,-,-,-,-,-,-,-,-,-,-,-,-,-,-,-,-,-,-,-,-,-,-,-,-,-
VŠƒŒ§,ˆ¾“‡‰Y‘º,https://www.vill.awashimaura.lg.jp/,-,-,-,-,-,-,-,-,-,-,-,-,-,-,-,-,-,-,-,-,-,-,-,-,-
ÎìŒ§,‹à‘òs,https://www4.city.kanazawa.lg.jp/,-,-,-,-,-,-,-,-,-,-,-,-,-,-,-,-,-,-,-,-,-,-,-,-,-
ÎìŒ§,µ”ös,http://www.city.nanao.lg.jp/,-,-,-,-,-,-,-,-,-,-,-,-,-,-,-,-,-,-,-,-,-,-,-,-,-
ÎìŒ§,¬¼s,https://www.city.komatsu.lg.jp/,-,-,-,-,-,-,-,-,-,-,-,-,-,-,-,-,-,-,-,-,-,-,-,-,-
ÎìŒ§,—Ö“‡s,https://www.city.wajima.ishikawa.jp/,-,-,-,-,-,-,-,-,-,-,-,-,-,-,-,-,-,-,-,-,-,-,-,-,-
ÎìŒ§,ìFs,https://www.city.suzu.lg.jp/,-,-,-,-,-,-,-,-,-,-,-,-,-,-,-,-,-,-,-,-,-,-,-,-,-
ÎìŒ§,‰Á‰ês,https://www.city.kaga.ishikawa.jp/,-,-,-,-,-,-,-,-,-,-,-,-,-,-,-,-,-,-,-,-,-,-,-,-,-
ÎìŒ§,‰Hîs,http://www.city.hakui.ishikawa.jp/,-,-,-,-,-,-,-,-,-,-,-,-,-,-,-,-,-,-,-,-,-,-,-,-,-
ÎìŒ§,‚©‚Ù‚­s,https://www.city.kahoku.lg.jp/,-,-,-,-,-,-,-,-,-,-,-,-,-,-,-,-,-,-,-,-,-,-,-,-,-
ÎìŒ§,”’Rs,https://www.city.hakusan.lg.jp/,-,-,-,-,-,-,-,-,-,-,-,-,-,-,-,-,-,-,-,-,-,-,-,-,-
ÎìŒ§,”\”üs,https://www.city.nomi.ishikawa.jp/,-,-,-,-,-,-,-,-,-,-,-,-,-,-,-,-,-,-,-,-,-,-,-,-,-
ÎìŒ§,–ìXss,https://www.city.nonoichi.lg.jp/,-,-,-,-,-,-,-,-,-,-,-,-,-,-,-,-,-,-,-,-,-,-,-,-,-
ÎìŒ§,ì–k’¬,http://www.town.kawakita.ishikawa.jp/,-,-,-,-,-,-,-,-,-,-,-,-,-,-,-,-,-,-,-,-,-,-,-,-,-
ÎìŒ§,’Ã”¦’¬,https://www.town.tsubata.lg.jp/,-,-,-,-,-,-,-,-,-,-,-,-,-,-,-,-,-,-,-,-,-,-,-,-,-
ÎìŒ§,“à“å’¬,https://www.town.uchinada.lg.jp/,-,-,-,-,-,-,-,-,-,-,-,-,-,-,-,-,-,-,-,-,-,-,-,-,-
ÎìŒ§,u‰ê’¬,https://www.town.shika.lg.jp/index.html,-,-,-,-,-,-,-,-,-,-,-,-,-,-,-,-,-,-,-,-,-,-,-,-,-
ÎìŒ§,•ó’Bu…’¬,https://www.hodatsushimizu.jp/index.html,-,-,-,-,-,-,-,-,-,-,-,-,-,-,-,-,-,-,-,-,-,-,-,-,-
ÎìŒ§,’†”\“o’¬,http://www.town.nakanoto.ishikawa.jp/,-,-,-,-,-,-,-,-,-,-,-,-,-,-,-,-,-,-,-,-,-,-,-,-,-
ÎìŒ§,ŒŠ…’¬,http://www.town.anamizu.ishikawa.jp/,-,-,-,-,-,-,-,-,-,-,-,-,-,-,-,-,-,-,-,-,-,-,-,-,-
ÎìŒ§,”\“o’¬,http://www.town.noto.lg.jp/,-,-,-,-,-,-,-,-,-,-,-,-,-,-,-,-,-,-,-,-,-,-,-,-,-
